{"cameraMode":{"drawMode":0,"name":"Shaded","section":"Shading Mode"},"sceneLighting":true,"audioPlay":false,"sceneViewState":{"showFog":true,"showMaterialUpdate":false,"showSkybox":true,"showFlares":true,"showImageEffects":true,"showParticleSystems":true},"in2DMode":false,"pivot":{"x":2.7343311309814455,"y":-0.3244495391845703,"z":0.49954938888549807},"rotation":{"x":0.28255555033683779,"y":-0.2205221951007843,"z":0.06700399518013,"w":0.9311996102333069},"size":9.109722137451172,"orthographic":false}