{"cameraMode":{"drawMode":0,"name":"Shaded","section":"Shading Mode"},"sceneLighting":true,"audioPlay":false,"sceneViewState":{"showFog":true,"showMaterialUpdate":false,"showSkybox":true,"showFlares":true,"showImageEffects":true,"showParticleSystems":true},"in2DMode":false,"pivot":{"x":5.734300136566162,"y":-26.90440559387207,"z":27.1484375},"rotation":{"x":0.3876967132091522,"y":-0.00416273158043623,"z":0.0018353702034801245,"w":0.9218109250068665},"size":47.3972053527832,"orthographic":false}